item_number,set_name,theme,pieces,price,amazon_price,year,ages,minifigures,packaging,unique_pieces,size
42101,Buggy,Technic™,117,12.99,12.93,2020,Ages_7+,0,Box,47,Small
70432,Haunted Fairground,Hidden Side,466,49.99,39.99,2020,Ages_8+,5,Box,212,Small
70661,Spinjitzu Zane,NINJAGO®,109,9.99,17.99,2019,Ages_7+,1,Box,21,Small
21322,Pirates of Barracuda Bay,Ideas,2545,199.99,199.99,2020,Ages_16+,10,Box,575,Small
31197,Andy Warhol's Marilyn Monroe,LEGO® Art,3341,119.99,119.95,2020,Ages_18+,0,Box,27,Small
31103,Rocket Truck,Creator 3-in-1,198,19.99,16.99,2020,Ages_7+,0,Box,90,Small
41610,Tactical Batman & Superman,BrickHeadz,209,19.99,69.99,2018,Ages_10+,0,Box,72,Small
70640,S.O.G. Headquarters,NINJAGO®,530,39.99,72.98,2018,Ages_8-14,5,Box,246,Small
76144,Avengers Hulk Helicopter Rescue,Marvel,482,59.99,47.99,2019,Ages_8+,4,Box,187,Small
76164,Iron Man Hulkbuster versus A.I.M. Agent,Marvel,456,39.99,39.95,2020,Ages_8+,4,Box,143,Small
70668,Jay's Storm Fighter,NINJAGO®,490,39.99,34.76,2019,Ages_9+,4,Box,195,Small
10758,T. Rex Breakout,Juniors,150,49.99,70.78,2018,Ages_4-7,3,Box,98,Small
21054,The White House,Architecture,1483,99.99,99.95,2020,Ages_18+,0,Box,180,Small
75810,The Upside Down,Stranger Things,2287,199.99,199.95,2019,Ages_16+,8,Box,533,Small
76152,Avengers Wrath of Loki,Marvel,223,59.99,59.95,2020,Ages_4+,5,Box,137,Small
43178,Cinderella's Castle Celebration,Disney™,168,29.99,23.99,2020,Ages_4+,1,Box,96,Small
42099,4x4 X-Treme Off-Roader,Powered UP,958,249.99,229.95,2019,Ages_11+,0,Box,131,Small
41365,Emma's Art Studio,Friends,235,24.99,57.59,2019,Ages_6+,2,Box,122,Small
60197,Passenger Train,City,677,159.99,134.99,2018,Ages_6-12,4,Box,165,Small
75976,Wrecking Ball,Overwatch®,227,19.99,19.99,2019,Ages_9+,1,Box,78,Small
11004,Windows of Creativity,Classic,450,29.99,24,2019,Ages_4+,0,Box,153,Small
60255,Stunt Team,City,62,9.99,8.99,2020,Ages_5+,2,Box,34,Small
75207,Imperial Patrol Battle Pack,Star Wars™,99,14.99,17.25,2018,Ages_6-12,3,Box,43,Small
41403,Mia's Play Cube - Veterinarian,Friends,40,9.99,17.97,2020,Ages_6+,1,Box,32,Small
10889,Mickey's Vacation House,Disney™,57,49.99,44.99,2019,Ages_2+,3,Box,37,Small
41404,Emma's Play Cube - Photographer,Friends,36,9.99,17.97,2020,Ages_6+,1,Box,31,Small
75953,Hogwarts Whomping Willow,Harry Potter™,753,69.99,55.99,2018,Ages_8-14,6,Box,253,Small
41346,Friendship Box,Friends,563,49.99,49.79,2018,Ages_6-12,0,Box,198,Small
31101,Monster Truck,Creator 3-in-1,163,14.99,11.99,2020,Ages_7+,0,Box,54,Small
60243,Police Helicopter Chase,City,212,39.99,35.98,2020,Ages_5+,4,Box,127,Small
41387,Olivia's Summer Heart Box,Friends,93,7.99,7.99,2019,Ages_6+,2,Other,48,Small
60214,Burger Bar Fire Rescue,City,327,39.99,34.43,2019,Ages_5+,3,Box,153,Small
75210,Moloch's Landspeeder,Star Wars™,464,39.99,48.99,2018,Ages_8-12,2,Box,163,Small
42098,Car Transporter,Technic™,2493,179.99,179.96,2019,Ages_11+,0,Box,190,Small
10867,Farmers' Market,DUPLO®,26,19.99,36.99,2018,Ages_2-5,3,Box,18,Large
75193,Millennium Falcon Microfighter,Star Wars™,92,9.99,48.9,2018,Ages_6-12,1,Box,48,Small
43170,Moana's Ocean Adventure,Disney™,46,9.99,9.84,2020,Ages_6+,1,Box,39,Small
75927,Stygimoloch Breakout,Jurassic World™,222,29.99,51.99,2018,Ages_6-12,2,Box,91,Small
70421,El Fuego's Stunt Truck,Hidden Side,428,39.99,27.85,2019,Ages_8+,4,Box,198,Small
41619,Darth Vader,Star Wars™,104,9.99,48.98,2018,Ages_10+,0,Box,41,Small
60226,Mars Research Shuttle,City,273,39.99,31.99,2019,Ages_5+,2,Box,135,Small
71706,Cole's Speeder Car,NINJAGO®,52,9.99,8.99,2020,Ages_4+,2,Box,32,Small
75955,Hogwarts Express,Harry Potter™,801,79.99,63.99,2018,Ages_8-14,6,Box,261,Small
10761,The Great Home Escape,Juniors,178,29.99,59.98,2018,Ages_4-7,4,Box,123,Small
60177,Airshow Jet,City,87,9.99,23.29,2018,Ages_5-12,1,Box,53,Small
21146,The Skeleton Attack,Minecraft™,457,39.99,142.98,2018,Ages_8+,3,Box,136,Small
42111,Dom's Dodge Charger,Technic™,1077,99.99,99.95,2020,Ages_10+,0,Box,172,Small
41911,Go Team! Bracelet,DOTS,33,4.99,4.99,2020,Ages_6+,0,Foil pack,12,Small
75891,Chevrolet Camaro ZL1 Race Car,Speed Champions,198,14.99,12.93,2019,Ages_7+,1,Box,81,Small
75240,Major Vonreg's TIE Fighter,Star Wars™,496,69.99,56,2019,Ages_8+,4,Box,151,Small
10878,Rapunzel's Tower,DUPLO®,37,29.99,98.99,2018,Ages_2-5,1,Box,26,Large
60194,Arctic Scout Truck,City,322,59.99,74.49,2018,Ages_7-12,3,Box,148,Small
41390,Andrea's Car & Stage,Friends,240,19.99,17.98,2020,Ages_6+,2,Box,116,Small
75937,Triceratops Rampage,Jurassic World™,447,59.99,48.49,2019,Ages_7+,4,Box,200,Small
10869,Farm Adventures,DUPLO®,104,59.99,299.99,2018,Ages_2-5,3,Box,42,Large
41155,Elsa's Market Adventure,Disney™,125,19.99,21.99,2018,Ages_5-12,2,Box,78,Small
41254,Volcano Rock City Concert,Trolls World Tour,387,39.99,32.88,2020,Ages_6+,3,Box,175,Small
42072,WHACK!,Technic™,135,19.99,42.99,2018,Ages_7-14,0,Box,41,Small
60171,Mountain Fugitives,City,88,9.99,16.49,2018,Ages_5-12,4,Box,61,Small
10909,Heart Box,DUPLO®,80,19.99,17.99,2020,Ages_1½+,0,Box,39,Large
10756,Pteranodon Escape,Juniors,84,19.99,25.99,2018,Ages_4-7,2,Box,60,Small
21160,The Illager Raid,Minecraft™,562,59.99,58.16,2020,Ages_8+,5,Box,187,Small
41397,Juice Truck,Friends,103,19.99,17.99,2020,Ages_4+,2,Box,75,Small
10928,Bakery,DUPLO®,46,34.99,29.99,2020,Ages_2+,2,Box,33,Large
41385,Emma's Summer Heart Box,Friends,86,7.99,14.67,2019,Ages_6+,1,Other,45,Small
75537,Darth Maul,Star Wars™,104,29.99,43.99,2018,Ages_8-14,0,Box,43,Small
75940,Gallimimus and Pteranodon Breakout,Jurassic World™,391,49.99,49.95,2020,Ages_7+,3,Box,170,Small
76089,Mighty Micros: Scarlet Spider vs. Sandman,Marvel,89,9.99,9.99,2018,Ages_5-12,2,Box,49,Small
75262,Imperial Dropship – 20th Anniversary Edition,Star Wars™,125,19.99,41.39,2019,Ages_6+,3,Box,57,Small
60262,Passenger Airplane,City,669,99.99,99.95,2020,Ages_6+,9,Box,288,Small
60239,Police Patrol Car,City,92,9.99,8.35,2019,Ages_5+,1,Box,52,Small
70839,The Rexcelsior!,THE LEGO® MOVIE 2™,1826,149.99,229.99,2019,Ages_10+,4,Box,377,Small
60264,Ocean Exploration Submarine,City,286,39.99,39.95,2020,Ages_5+,4,Box,131,Small
75888,Porsche 911 RSR and 911 Turbo 3.0,Speed Champions,391,29.99,54.2,2018,Ages_7-14,3,Box,166,Small
10913,Brick Box,DUPLO®,65,29.99,26.79,2020,Ages_1½+,2,Tag,46,Large
41333,Olivia's Mission Vehicle,Friends,223,19.99,45.95,2018,Ages_6-12,1,Box,106,Small
31075,Outback Adventures,Creator 3-in-1,225,19.99,37.15,2018,Ages_7-12,1,Box,103,Small
41620,Stormtrooper,Star Wars™,124,9.99,38.75,2018,Ages_10+,0,Box,51,Small
76103,Corvus Glaive Thresher Attack,Marvel,416,39.99,124.75,2018,Ages_7-14,5,Box,168,Small
71370,Fire Mario Power-Up Pack,LEGO® Super Mario™,11,9.99,15.56,2020,Ages_6+,0,Box,9,Small
41902,Sparkly Unicorn Bracelet,DOTS,33,4.99,4.99,2020,Ages_6+,0,Foil pack,9,Small
21161,The Crafting Box 3.0,Minecraft™,564,69.99,69.99,2020,Ages_8+,4,Box,128,Small
21156,BigFig Creeper and Ocelot,Minecraft™,184,14.99,11.99,2020,Ages_7+,0,Box,65,Small
21142,The Polar Igloo,Minecraft™,278,29.99,67.39,2018,Ages_8+,2,Box,95,Small
76129,Hydro-Man Attack,Marvel,471,39.99,44.99,2019,Ages_7+,4,Box,170,Small
60248,Fire Helicopter Response,City,93,29.99,23.98,2020,Ages_5+,3,Box,61,Small
41379,Heartlake City Restaurant,Friends,624,59.99,48,2019,Ages_6+,3,Box,201,Small
10271,Fiat 500,Creator Expert,960,89.99,89.99,2020,Ages_16+,0,Box,269,Small
76134,Spider-Man: Doc Ock Diamond Heist,Marvel,150,29.99,36.99,2019,Ages_4+,3,Box,98,Small
75281,Anakin's Jedi Interceptor,Star Wars™,248,29.99,29.95,2020,Ages_7+,2,Box,100,Small
10897,My First Minnie Build,Disney™,10,9.99,8.99,2019,Ages_1½+,0,Box,9,Small
75964,Harry Potter Advent Calendar,Harry Potter™,305,39.99,43.99,2019,Ages_7+,8,Box,151,Small
70654,Dieselnaut,NINJAGO®,1179,109.99,214.93,2018,Ages_9-14,7,Box,308,Small
42106,Stunt Show Truck & Bike,Technic™,610,49.99,49.99,2020,Ages_8+,0,Box,109,Small
10757,Raptor Rescue Truck,Juniors,85,24.99,41.88,2018,Ages_4-7,2,Box,56,Small
41400,Andrea's Play Cube - Singer,Friends,49,9.99,18.93,2020,Ages_6+,1,Box,32,Small
60174,Mountain Police Headquarters,City,663,89.99,146.48,2018,Ages_6-12,7,Box,324,Small
42096,Porsche 911 RSR,Technic™,1580,149.99,127.4,2019,Ages_10+,0,Box,178,Small
75938,T. rex vs Dino-Mech Battle,Jurassic World™,716,89.99,89.95,2019,Ages_8+,4,Box,254,Small
41454,Dr. Fox Laboratory,Unikitty!™,359,29.99,35.5,2018,Ages_6-12,4,Box,163,Small
76098,Speed Force Freeze Pursuit,DC,271,29.99,119.95,2018,Ages_6-12,4,Box,138,Small
76122,Batcave Clayface Invasion,Batman™,1038,99.99,99.95,2019,Ages_8+,6,Box,333,Small
42107,Ducati Panigale V4 R,Technic™,646,69.99,69.95,2020,Ages_10+,0,Box,128,Small
10918,Tow Truck,DUPLO®,7,6.99,6.29,2020,Ages_1½+,0,Box with backing card,7,Large
10915,Alphabet Truck,DUPLO®,36,24.99,21.99,2020,Ages_1½+,2,Box,35,Large
75884,1968 Ford Mustang Fastback,Speed Champions,183,14.99,34.69,2018,Ages_7-14,1,Box,74,Small
76160,Mobile Bat Base,DC,743,89.99,89.99,2020,Ages_8+,6,Box,275,Small
71360,Adventures with Mario,LEGO® Super Mario™,231,59.99,93.99,2020,Ages_6+,3,Box,114,Small
41336,Emma's Art Café,Friends,378,32.99,85.49,2018,Ages_6-12,2,Box,166,Small
41338,Stephanie's Sports Arena,Friends,460,44.99,68.7,2018,Ages_6-12,2,Box,188,Small
75206,Jedi and Clone Troopers Battle Pack,Star Wars™,102,14.99,37.5,2018,Ages_6-12,3,Box,54,Small
21140,The Chicken Coop,Minecraft™,198,19.99,15.99,2018,Ages_7-14,1,Box,90,Small
10713,Creative Suitcase,Classic,213,19.99,15.99,2018,Ages_4-99,0,Plastic box,89,Small
31076,Daredevil Stunt Plane,Creator 3-in-1,200,19.99,35,2018,Ages_7-12,1,Box,86,Small
75966,Hogwarts Room of Requirement,Harry Potter™,193,19.99,19.95,2020,Ages_7+,4,Box,90,Small
41618,Anna & Olaf,BrickHeadz,201,14.99,43.72,2018,Ages_10+,0,Box,78,Small
75266,Sith Troopers Battle Pack,Star Wars™,105,14.99,13.47,2020,Ages_6+,3,Box,51,Small
41622,Peter Venkman & Slimer,BrickHeadz,228,19.99,54.75,2018,Ages_10+,0,Box,90,Small
41168,Elsa's Jewellery Box,LEGO® Frozen 2,300,39.99,31.99,2019,Ages_6+,1,Box,89,Small
75534,Darth Vader,Star Wars™,168,39.99,77.97,2018,Ages_9-14,0,Box,61,Small
21163,The Redstone Battle,Minecraft™,504,39.99,39.99,2020,Ages_8+,4,Box,133,Small
41427,Emma's Fashion Shop,Friends,343,29.99,29.95,2020,Ages_6+,2,Box,152,Small
76143,Avengers Truck Take-down,Marvel,477,39.99,39.95,2020,Ages_7+,4,Box,164,Small
60192,Arctic Ice Crawler,City,200,24.99,34.25,2018,Ages_6-12,1,Box,80,Small
42097,Compact Crawler Crane,Technic™,920,99.99,168,2019,Ages_10+,0,Box,102,Small
21314,TRON: Legacy,Ideas,230,34.99,78.95,2018,Ages_10+,3,Box,73,Small
41353,Friends Advent Calendar,Friends,500,29.99,34,2018,Ages_6-12,0,Box,202,Small
10750,Road Repair Truck,Juniors,73,9.99,32.92,2018,Ages_4-7,1,Box,50,Small
70659,Spinjitzu Kai,NINJAGO®,97,9.99,30,2019,Ages_7+,1,Box,23,Small
41912,Love Birds Bracelet,DOTS,33,4.99,4.99,2020,Ages_6+,0,Foil pack,10,Small
31091,Shuttle Transporter,Creator 3-in-1,341,24.99,21.97,2019,Ages_7+,0,Box,122,Small
75270,Obi-Wan's Hut,Star Wars™,200,29.99,27.99,2020,Ages_7+,4,Box,118,Small
75241,Action Battle Echo Base Defence,Star Wars™,504,59.99,48,2019,Ages_8+,5,Box,192,Small
41602,Rey,Star Wars™,119,9.99,20.5,2018,Ages_10+,0,Box,50,Small
41608,Han Solo,Star Wars™,141,9.99,14,2018,Ages_10+,0,Box,51,Small
41337,Underwater Loop,Friends,389,29.99,24,2019,Ages_7+,2,Box,165,Small
10863,My First Animal Brick Box,DUPLO®,34,29.99,26.99,2018,Ages_1½-3,0,Plastic box,29,Large
60185,Mining Power Splitter,City,127,19.99,21.23,2018,Ages_5-12,1,Box,85,Small
60256,Racing Cars,City,190,29.99,23.99,2020,Ages_5+,2,Box,101,Small
10260,Downtown Diner,Creator Expert,2480,169.99,250.98,2018,Ages_16+,6,Box,508,Small
41901,Funky Animals Bracelet,DOTS,33,4.99,4.99,2020,Ages_6+,0,Foil pack,10,Small
41340,Friendship House,Friends,722,69.99,184.99,2018,Ages_6-12,3,Box,309,Small
75272,Sith TIE Fighter,Star Wars™,470,79.99,79.95,2020,Ages_9+,3,Box,127,Small
70672,Cole's Dirt Bike,NINJAGO®,212,19.99,15.99,2019,Ages_8+,3,Box,97,Small
10876,Spider-Man & Hulk Adventures,DUPLO®,38,29.99,74.5,2018,Ages_2-5,3,Box,29,Large
70827,Ultrakatty & Warrior Lucy!,THE LEGO® MOVIE 2™,348,29.99,23.99,2019,Ages_8+,2,Box,119,Small
10883,My First Tow Truck,DUPLO®,11,9.99,7.99,2019,Ages_1½+,0,Box,10,Large
70652,Stormbringer,NINJAGO®,493,39.99,93.99,2018,Ages_8-14,4,Box,182,Small
31086,Futuristic Flyer,Creator 3-in-1,157,14.99,12.93,2019,Ages_7+,0,Box,65,Small
75244,Tantive IV,Star Wars™,1768,199.99,199.99,2019,Ages_12+,6,Box,387,Small
41433,Party Boat,Friends,640,79.99,79.99,2020,Ages_7+,3,Box,270,Small
60176,Wild River Escape,City,126,19.99,27,2018,Ages_5-12,2,Box,71,Small
75226,Inferno Squad Battle Pack,Star Wars™,118,14.99,36.99,2019,Ages_6+,4,Box,52,Small
60227,Lunar Space Station,City,412,59.99,48,2019,Ages_6+,5,Box,171,Small
10907,World Animals,DUPLO®,121,99.99,95.65,2019,Ages_2+,6,Box,75,Large
60173,Mountain Arrest,City,303,59.99,82.99,2018,Ages_5-12,4,Box,168,Small
75255,Yoda,Star Wars™,1771,99.99,89.99,2019,Ages_10+,1,Box,235,Small
10899,Frozen Ice Castle,Disney™,59,49.99,41.99,2019,Ages_2+,3,Box,31,Small
21138,The Melon Farm,Minecraft™,69,14.99,62.75,2018,Ages_6-14,3,Box,47,Small
31096,Twin-Rotor Helicopter,Creator 3-in-1,569,59.99,47.99,2019,Ages_9+,1,Box,200,Small
75237,TIE Fighter Attack,Star Wars™,77,19.99,44.7,2019,Ages_4+,2,Box,50,Small
75251,Darth Vader's Castle,Star Wars™,1060,129.99,129.99,2019,Ages_9+,5,Box,285,Small
75970,Tracer vs. Widowmaker,Overwatch®,129,14.99,21.57,2019,Ages_8+,2,Box,74,Small
42091,Police Pursuit,Technic™,120,19.99,17.35,2019,Ages_7+,0,Box,39,Small
70642,Killow vs. Samurai X,NINJAGO®,556,49.99,159.98,2018,Ages_8-14,3,Box,220,Small
42105,Catamaran,Technic™,404,49.99,39.99,2020,Ages_8+,0,Box,74,Small
21151,The End Battle,Minecraft™,222,19.99,15.99,2019,Ages_7+,2,Box,91,Small
70835,Rex's Rexplorer!,THE LEGO® MOVIE 2™,1187,119.99,99.99,2019,Ages_9+,2,Box,299,Small
60170,Off-Road Chase,City,37,6.99,30.89,2018,Ages_5-12,2,Box,28,Small
10870,Farm Animals,DUPLO®,16,9.99,9.99,2018,Ages_2-5,0,Box,13,Large
75256,Kylo Ren's Shuttle,Star Wars™,1005,129.99,129.95,2019,Ages_10+,6,Box,271,Small
75975,Watchpoint: Gibraltar,Overwatch®,730,89.99,67.76,2019,Ages_9+,4,Box,287,Small
71714,Kai Avatar - Arcade Pod,NINJAGO®,49,9.99,8.99,2020,Ages_7+,2,Box with backing card,31,Small
10261,Roller Coaster,Creator Expert,4124,379.99,379.95,2018,Ages_16+,11,Box,556,Small
71043,Hogwarts Castle,Harry Potter™,6020,399.99,399.99,2018,Ages_16+,28,Box,624,Small
76105,The Hulkbuster: Ultron Edition,Marvel,1363,119.99,196.87,2018,Ages_14+,1,Box,268,Small
75201,First Order AT-ST,Star Wars™,370,39.99,73.99,2018,Ages_8-14,4,Box,157,Small
70663,Spinjitzu Nya & Wu,NINJAGO®,227,19.99,29.95,2019,Ages_7+,2,Box,49,Small
76117,Batman Mech vs. Poison Ivy Mech,Batman™,375,39.99,61.94,2019,Ages_7+,4,Box,173,Small
10269,Harley-Davidson Fat Boy,Creator Expert,1023,99.99,99.95,2019,Ages_16+,0,Box,300,Small
60236,Straight & T-Junction,City,2,14.99,13.49,2019,Ages_5+,0,Shrink-wrapped,2,Small
75536,Range Trooper,Star Wars™,101,24.99,99.99,2018,Ages_7-14,0,Box,51,Small
10760,Underminer's Bank Heist,Juniors,149,24.99,49.75,2018,Ages_4-7,3,Box,99,Small
41151,Mulan's Training Day,Disney™,104,14.99,17.9,2018,Ages_5-12,1,Box,62,Small
42079,Heavy Duty Forklift,Technic™,592,69.99,124.99,2018,Ages_9-16,0,Box,109,Small
75276,Stormtrooper,Star Wars™,647,59.99,54.99,2020,Ages_18+,0,Box,155,Small
41402,Olivia's Play Cube - Researcher,Friends,40,9.99,17.97,2020,Ages_6+,1,Box,34,Small
10900,Police Bike,DUPLO®,8,9.99,8.99,2019,Ages_2+,1,Box,7,Large
10265,Ford Mustang,Creator Expert,1471,149.99,149.99,2019,Ages_16+,0,Box,358,Small
41374,Andrea's Pool Party,Friends,468,49.99,40,2019,Ages_6+,2,Box,221,Small
75317,The Mandalorian & The Child,Star Wars™,295,19.99,19.95,2020,Ages_10+,0,Box,123,Small
21159,The Pillager Outpost,Minecraft™,303,29.99,25.99,2020,Ages_8+,3,Box,94,Small
75234,AT-AP Walker,Star Wars™,689,59.99,87.99,2019,Ages_9+,4,Box,214,Small
41166,Elsa and the Reindeer Carriage,LEGO® Frozen 2,116,29.99,23.99,2019,Ages_4+,1,Box,78,Small
75213,Star Wars Advent Calendar,Star Wars™,307,39.99,39.88,2018,Ages_6-14,7,Box,186,Small
60205,Tracks,City,20,19.99,17.99,2018,Ages_5-12,0,Box,3,Small
70420,Graveyard Mystery,Hidden Side,335,29.99,23.97,2019,Ages_7+,4,Box,160,Small
60241,Police Dog Unit,City,67,9.99,8.99,2020,Ages_4+,2,Box,48,Small
41384,Andrea's Summer Heart Box,Friends,83,7.99,14.99,2019,Ages_6+,1,Other,46,Small
41250,Techno Reef Dance Party,Trolls World Tour,173,19.99,16.82,2020,Ages_5+,1,Box,85,Small
70823,Emmet's Thricycle!,THE LEGO® MOVIE 2™,174,14.99,16,2019,Ages_7+,1,Box,100,Small
41330,Stephanie's Soccer Practice,Friends,119,14.99,40.4,2018,Ages_6-12,1,Box,78,Small
60201,City Advent Calendar,City,313,29.99,33.99,2018,Ages_5-12,6,Box,194,Small
75965,The Rise of Voldemort,Harry Potter™,184,19.99,15.99,2019,Ages_7+,6,Box,102,Small
41396,Puppy Playground,Friends,57,9.99,8.99,2020,Ages_4+,1,Box,41,Small
71364,Whomp's Lava Trouble,LEGO® Super Mario™,133,19.99,19.99,2020,Ages_6+,2,Box,56,Small
60238,Switch Tracks,City,8,15.99,14.39,2018,Ages_5-12,0,Box,4,Small
41345,Heartlake City Pet Centre,Friends,474,59.99,159.99,2018,Ages_6-12,3,Box,234,Small
41327,Mia's Bedroom,Friends,86,9.99,36.9,2018,Ages_6-12,1,Box,63,Small
10770,Buzz & Woody's Carnival Mania!,Disney™,230,49.99,32.8,2019,Ages_4+,5,Box,106,Small
76124,War Machine Buster,Marvel,362,34.99,27.79,2019,Ages_7+,4,Box,122,Small
21162,The Taiga Adventure,Minecraft™,74,9.99,9.84,2020,Ages_7+,2,Box,48,Small
71372,Cat Mario Power-Up Pack,LEGO® Super Mario™,11,9.99,14.52,2020,Ages_6+,0,Box,9,Small
10862,My First Celebration,DUPLO®,41,14.99,39.89,2018,Ages_1½-3,0,Box,18,Large
76128,Molten Man Battle,Spider-Man,294,29.99,22.79,2019,Ages_7+,3,Box,117,Small
41394,Heartlake City Hospital,Friends,379,49.99,48.53,2020,Ages_6+,3,Box,154,Small
76114,Spider-Man's Spider Crawler,Marvel,418,39.99,48.99,2019,Ages_7+,4,Box,132,Small
42080,Forest Harvester,Technic™,1003,149.99,156.99,2018,Ages_10-16,0,Box,157,Small
31200,Star Wars The Sith,LEGO® Art,3406,119.99,119.99,2020,Ages_18+,0,Box,32,Small
60251,Monster Truck,City,55,9.99,8.99,2020,Ages_5+,1,Box,34,Small
60253,Ice-Cream Truck,City,200,19.99,17.79,2020,Ages_5+,2,Box,112,Small
10404,Ocean's Bottom,Classic,579,29.99,52.47,2018,Ages_5-99,2,Box,218,Small
60219,Construction Loader,City,88,9.99,8.99,2019,Ages_5+,1,Box,50,Small
75941,Indominus rex vs. Ankylosaurus,Jurassic World™,537,99.99,99.99,2020,Ages_8+,5,Box,216,Small
60225,Rover Testing Drive,City,202,29.99,24,2019,Ages_5+,2,Box,98,Small
41328,Stephanie's Bedroom,Friends,95,9.99,28.87,2018,Ages_6-12,1,Box,72,Small
10881,Mickey's Boat,Disney™,28,29.99,47.99,2018,Ages_2-5,2,Box,25,Small
75284,Knights of Ren Transport Ship,Star Wars™,595,69.99,69.99,2020,Ages_9+,3,Box,182,Small
71707,Kai's Mech Jet,NINJAGO®,217,19.99,17.99,2020,Ages_7+,2,Box,94,Small
75288,AT-AT,Star Wars™,1267,159.99,237.9,2020,Ages_10+,0,Box,285,Small
31097,Townhouse Pet Shop & Café,Creator 3-in-1,969,79.99,73.99,2019,Ages_9+,3,Box,289,Small
70667,Kai's Blade Cycle & Zane's Snowmobile,NINJAGO®,376,29.99,49.95,2019,Ages_8+,4,Box,189,Small
75887,Porsche 919 Hybrid,Speed Champions,163,14.99,47.95,2018,Ages_7-14,1,Box,75,Small
71699,Thunder Raider,NINJAGO®,576,49.99,44.99,2020,Ages_8+,5,Box,191,Small
60242,Police Highway Arrest,City,185,29.99,26.98,2020,Ages_5+,2,Box,98,Small
75202,Defense of Crait,Star Wars™,746,84.99,103.99,2018,Ages_9-14,4,Box,289,Small
31198,The Beatles,LEGO® Art,2933,119.99,119.99,2020,Ages_18+,0,Box,35,Small
75885,Ford Fiesta M-Sport WRC,Speed Champions,203,14.99,30.85,2018,Ages_7-14,1,Box,88,Small
42093,Chevrolet Corvette ZR1,Technic™,579,49.99,49.99,2019,Ages_9+,0,Box,105,Small
70435,Newbury Abandoned Prison,Hidden Side,400,39.99,39.99,2020,Ages_7+,4,Box,164,Small
70681,Spinjitzu Slam - Lloyd,NINJAGO®,70,9.99,15.28,2019,Ages_7+,1,Box,34,Small
41405,Andrea's Play Cube - Pet Shop,Friends,40,9.99,19.8,2020,Ages_6+,1,Box,33,Small
21047,Las Vegas,Architecture,501,39.99,49.99,2018,Ages_12+,0,Box,123,Small
60229,Rocket Assembly &Transport,City,1055,149.99,134.99,2019,Ages_7+,8,Box,364,Small
41393,Baking Competition,Friends,361,39.99,35.99,2020,Ages_6+,3,Box,157,Small
21321,International Space Station,Ideas,864,69.99,69.99,2020,Ages_16+,0,Box,186,Small
71709,Jay and Lloyd's Velocity Racers,NINJAGO®,322,29.99,23.99,2020,Ages_7+,3,Box,142,Small
75196,A-Wing vs. TIE Silencer Microfighters,Star Wars™,188,19.99,29.95,2018,Ages_6-12,2,Box,88,Small
60234,People Pack - Fun Fair,City,183,39.99,31.99,2019,Ages_5+,14,Box,138,Small
10904,Baby Animals,DUPLO®,9,9.99,21.11,2019,Ages_2+,0,Box,9,Large
75893,2018 Dodge Challenger SRT Demon and 1970 Dodge Charger R/T,Speed Champions,478,29.99,24,2019,Ages_7+,3,Box,159,Small
75935,Baryonyx Face-Off: The Treasure Hunt,Jurassic World™,434,59.99,47.99,2019,Ages_7+,4,Box,211,Small
76120,Batwing and The Riddler Heist,Batman™,489,49.99,40,2019,Ages_7+,4,Box,212,Small
76142,Avengers Speeder Bike Attack,Marvel,226,19.99,15.99,2020,Ages_6+,3,Box,97,Small
10765,Ariel's Underwater Concert,Juniors,92,14.99,30.48,2018,Ages_4-7,1,Box,55,Small
31108,Caravan Family Holiday,Creator 3-in-1,766,69.99,69.95,2020,Ages_9+,3,Box,328,Small
75261,Clone Scout Walker – 20th Anniversary Edition,Star Wars™,250,29.99,79.5,2019,Ages_6+,5,Box,109,Small
70918,The Bat-Dune Buggy,DC,198,19.99,37.89,2018,Ages_7-14,2,Box,92,Small
31074,Rocket Rally Car,Creator 3-in-1,241,19.99,35,2018,Ages_7-12,0,Box,104,Small
10906,Tropical Island,DUPLO®,73,59.99,59.99,2019,Ages_2+,3,Box,44,Large
71362,Guarded Fortress,LEGO® Super Mario™,468,49.99,49.95,2020,Ages_8+,3,Box,192,Small
42095,Remote-Controlled Stunt Racer,Technic™,324,99.99,80.99,2019,Ages_9+,0,Box,78,Small
41452,Prince Puppycorn Trike,Unikitty!™,101,9.99,8.95,2018,Ages_5-12,3,Box,65,Small
41607,Gamora,BrickHeadz,136,9.99,12.98,2018,Ages_10+,0,Box,51,Small
41347,Heartlake City Resort,Friends,1017,99.99,230,2018,Ages_7-12,4,Box,326,Small
75221,Imperial Landing Craft,Star Wars™,636,89.99,172.89,2018,Ages_9-14,5,Box,191,Small
10901,Fire Truck,DUPLO®,21,19.99,17.99,2019,Ages_2+,2,Box,16,Large
10266,NASA Apollo 11 Lunar Lander,Creator Expert,1087,99.99,99.95,2019,Ages_16+,2,Box,193,Small
70433,J.B.'s Submarine,Hidden Side,224,19.99,19.99,2020,Ages_7+,3,Box,120,Small
70437,Mystery Castle,Hidden Side,1035,99.99,99.99,2020,Ages_9+,5,Box,335,Small
70434,Supernatural Race Car,Hidden Side,244,29.99,29.99,2020,Ages_7+,3,Box,115,Small
75271,Luke Skywalker's Landspeeder,Star Wars™,236,29.99,29.93,2020,Ages_7+,3,Box,104,Small
70829,Emmet and Lucy's Escape Buggy!,THE LEGO® MOVIE 2™,550,49.99,64.95,2019,Ages_8+,4,Box,199,Small
41422,Panda Jungle Tree House,Friends,265,29.99,29.95,2020,Ages_7+,2,Box,149,Small
75267,Mandalorian Battle Pack,Star Wars™,102,14.99,13.47,2020,Ages_6+,4,Box,59,Small
70424,Ghost Train Express,Hidden Side,698,79.99,100.63,2019,Ages_8+,6,Box,268,Small
60249,Street Sweeper,City,89,9.99,8.99,2020,Ages_5+,1,Box,55,Small
41167,Arendelle Castle,LEGO® Frozen 2,521,79.99,63.99,2019,Ages_5+,3,Box,231,Small
76115,Spider Mech vs. Venom,Marvel,604,49.99,39.99,2019,Ages_8+,4,Box,203,Small
76104,The Hulkbuster Smash-Up,Marvel,375,29.99,41,2018,Ages_7-14,4,Box,143,Small
60258,Tuning Workshop,City,897,99.99,99.99,2020,Ages_6+,7,Box,411,Small
21148,Minecraft Steve BigFig with Parrot,Minecraft™,159,14.99,29.9,2019,Ages_7+,0,Box,74,Small
10264,Corner Garage,Creator Expert,2569,199.99,199.99,2019,Ages_16+,6,Box,564,Small
10401,Rainbow Fun,Classic,85,4.99,14,2018,Ages_5-99,0,Box,42,Small
42109,App-Controlled Top Gear Rally Car,Powered UP,463,129.99,129.95,2020,Ages_9+,0,Box,93,Small
41409,Emma's Play Cube - Toy Store,Friends,49,9.99,16.86,2020,Ages_6+,1,Box,42,Small
70429,El Fuego's Stunt Plane,Hidden Side,295,29.99,29.95,2020,Ages_7+,3,Box,149,Small
60252,Construction Bulldozer,City,126,19.99,15.99,2020,Ages_4+,2,Box,81,Small
21154,The Blaze Bridge,Minecraft™,372,29.99,24,2019,Ages_8+,3,Box,127,Small
60191,Arctic Exploration Team,City,70,9.99,10,2018,Ages_5-12,3,Box,47,Small
70430,Newbury Subway,Hidden Side,348,29.99,29.95,2020,Ages_8+,3,Box,146,Small
42082,Rough Terrain Crane,Technic™,4057,299.99,284.93,2018,Ages_11+,0,Box,262,Small
41351,Creative Tuning Shop,Friends,413,39.99,37.99,2018,Ages_6-12,2,Box,217,Small
31080,Modular Winter Vacation,Creator 3-in-1,374,34.99,46,2018,Ages_7-12,2,Box,142,Small
70679,The Ultra Dragon,NINJAGO®,951,84.99,76.49,2019,Ages_9+,6,Box,262,Small
11006,Creative Blue Bricks,Classic,52,4.99,4.93,2020,Ages_4+,0,Box,28,Small
41153,Ariel's Royal Celebration Boat,Disney™,380,49.99,82.75,2018,Ages_6-12,2,Box,156,Small
60215,Fire Station,City,509,69.99,56,2019,Ages_5+,4,Box,210,Small
76149,The Menace of Mysterio,Marvel,163,29.99,25.99,2020,Ages_4+,3,Box,97,Small
10755,Zane's Ninja Boat Pursuit,Juniors,131,19.99,39.99,2018,Ages_4-7,2,Box,78,Small
41169,Olaf,LEGO® Frozen 2,122,14.99,14.24,2019,Ages_6+,0,Box,61,Small
41164,Enchanted Tree House,LEGO® Frozen 2,302,49.99,39.99,2019,Ages_6+,3,Box,174,Small
70662,Spinjitzu Cole,NINJAGO®,117,9.99,29.5,2019,Ages_7+,1,Box,26,Small
21044,Paris,Architecture,649,49.99,49.84,2019,Ages_12+,0,Box,114,Small
75224,Sith Infiltrator Microfighter,Star Wars™,92,9.99,23.4,2019,Ages_6+,1,Box,45,Small
60223,Harvester Transport,City,358,29.99,54.8,2019,Ages_5+,3,Box,166,Small
75220,Sandcrawler,Star Wars™,1239,139.99,219.98,2018,Ages_9-14,6,Box,277,Small
41609,Chewbacca,Star Wars™,149,9.99,36.95,2018,Ages_10+,0,Box,52,Small
60196,Arctic Supply Plane,City,707,79.99,107.69,2018,Ages_7-12,4,Box,239,Small
70660,Spinjitzu Jay,NINJAGO®,97,9.99,29.44,2019,Ages_7+,1,Box,23,Small
75278,D-O,Star Wars™,519,69.99,57.09,2020,Ages_10+,1,Box,149,Small
75292,The Razor Crest,Star Wars™,1023,129.99,129.99,2020,Ages_10+,2,Box,277,Small
10767,Duke Caboom's Stunt Show,Disney™,120,19.99,19.99,2019,Ages_4+,2,Box,62,Small
76151,Venomosaurus Ambush,Marvel,640,79.99,79.95,2020,Ages_8+,5,Box,242,Small
70837,Shimmer & Shine Sparkle Spa!,THE LEGO® MOVIE 2™,694,69.99,45.49,2019,Ages_7+,8,Box,209,Small
31084,Pirate Roller Coaster,Creator 3-in-1,923,89.99,169,2018,Ages_9-14,5,Box,277,Small
10882,Train Tracks,DUPLO®,23,19.99,17.99,2018,Ages_2-5,0,Box,9,Large
41348,Service & Care Truck,Friends,247,19.99,27.07,2018,Ages_6-12,1,Box,123,Small
31094,Race Plane,Creator 3-in-1,333,29.99,28.99,2019,Ages_7+,1,Box,134,Small
70418,J.B.'s Ghost Lab,Hidden Side,174,19.99,22.98,2019,Ages_7+,3,Box,104,Small
10872,Train Bridge and Tracks,DUPLO®,26,24.99,21.99,2018,Ages_2-5,1,Box,10,Large
21152,Pirate Ship,Minecraft™,386,39.99,45.46,2019,Ages_8+,3,Box,143,Small
41605,Thanos,BrickHeadz,105,9.99,33.75,2018,Ages_10+,0,Box,37,Small
41917,Magic Forest Bracelet,DOTS,33,4.99,4.99,2020,Ages_6+,0,Foil pack,9,Small
71701,Kai's Fire Dragon,NINJAGO®,81,19.99,17.99,2020,Ages_4+,2,Box,48,Small
70680,Monastery Training,NINJAGO®,122,9.99,15.64,2019,Ages_6+,2,Box,65,Small
60186,Mining Heavy Driller,City,294,49.99,69.99,2018,Ages_5-12,3,Box,139,Small
75235,X-wing Starfighter Trench Run,Star Wars™,132,29.99,29.99,2019,Ages_4+,3,Box,65,Small
10877,Belle's Tea Party,Disney™,19,19.99,46.44,2018,Ages_2-5,1,Box,16,Small
60257,Service Station,City,354,49.99,42.99,2020,Ages_5+,4,Box,179,Small
10267,Gingerbread House,Creator Expert,1477,99.99,99.99,2019,Ages_12+,2,Box,321,Small
10929,Modular Playhouse,DUPLO®,129,59.99,59.99,2020,Ages_2+,3,Box,56,Large
21150,Minecraft Skeleton BigFig with Magma Cube,Minecraft™,142,14.99,26.25,2019,Ages_7+,0,Box,56,Small
21145,The Skull Arena,Minecraft™,198,19.99,36.81,2018,Ages_7-14,2,Box,68,Small
71711,Jay's Cyber Dragon,NINJAGO®,518,49.99,44.99,2020,Ages_8+,5,Box,189,Small
75222,Betrayal at Cloud City,Star Wars™,2812,349.99,668.18,2018,Ages_14+,19,Box,676,Small
75258,Anakin's Podracer – 20th Anniversary Edition,Star Wars™,279,29.99,29.32,2019,Ages_7+,3,Box,110,Small
71702,Golden Mech,NINJAGO®,489,39.99,35.99,2020,Ages_8+,4,Box,172,Small
31088,Deep Sea Creatures,Creator 3-in-1,230,14.99,12.93,2019,Ages_7+,0,Box,83,Small
70684,Spinjitzu Slam - Kai vs. Samurai,NINJAGO®,164,19.99,21.87,2019,Ages_8+,2,Box,67,Small
76896,Nissan GT-R NISMO,Speed Champions,298,19.99,18.95,2020,Ages_7+,1,Box,101,Small
70836,Battle-Ready Batman and MetalBeard,Batman™,168,19.99,19.99,2019,Ages_6+,2,Box,98,Small
76096,Superman & Krypto Team-Up,DC,199,19.99,40,2018,Ages_6-12,2,Box,110,Small
31102,Fire Dragon,Creator 3-in-1,234,19.99,19.59,2020,Ages_7+,0,Box,80,Small
75947,Hagrid's Hut: Buckbeak's Rescue,Harry Potter™,496,59.99,47.99,2019,Ages_8+,6,Box,208,Small
41603,Kylo Ren,Star Wars™,130,9.99,23.15,2018,Ages_10+,0,Box,50,Small
41391,Heartlake City Hair Salon,Friends,235,19.99,17.99,2020,Ages_6+,2,Box,138,Small
60200,Capital City,City,1211,149.99,244.87,2018,Ages_6-12,13,Box,489,Small
70638,Katana V11,NINJAGO®,257,19.99,32.98,2018,Ages_7-14,2,Box,111,Small
60202,People Pack - Outdoor Adventures,City,164,39.99,69.99,2018,Ages_5-12,15,Box,128,Small
70635,Jay - Spinjitzu Master,NINJAGO®,68,9.99,29.95,2018,Ages_6-14,1,Box,39,Small
60232,Garage Centre,City,234,49.99,40,2019,Ages_4+,4,Box,62,Small
43173,Aurora's Royal Carriage,Disney™,62,9.99,9.72,2020,Ages_5+,1,Box,35,Small
75249,Resistance Y-wing Starfighter,Star Wars™,578,69.99,55.99,2019,Ages_8+,5,Box,177,Small
42094,Tracked Loader,Technic™,827,79.99,134.2,2019,Ages_10+,0,Box,128,Small
42092,Rescue Helicopter,Technic™,325,39.99,33.28,2019,Ages_8+,0,Box,81,Small
42083,Bugatti Chiron,Technic™,3599,349.99,339.95,2018,Ages_16+,0,Box,306,Small
10766,Woody & RC,Disney™,69,9.99,7.99,2019,Ages_4+,1,Box,36,Small
71363,Desert Pokey,LEGO® Super Mario™,180,19.99,19.95,2020,Ages_6+,2,Box,70,Small
71712,Empire Temple of Madness,NINJAGO®,810,79.99,71.99,2020,Ages_9+,6,Box,267,Small
70678,Castle of the Forsaken Emperor,NINJAGO®,1218,99.99,89.99,2019,Ages_9+,7,Box,361,Small
41424,Jungle Rescue Base,Friends,648,79.99,79.95,2020,Ages_8+,3,Box,251,Small
75930,Indoraptor Rampage at Lockwood Estate,Jurassic World™,1019,129.99,206.05,2018,Ages_8-12,6,Box,257,Small
31093,Riverside Houseboat,Creator 3-in-1,396,39.99,39.98,2019,Ages_7+,2,Box,157,Small
76113,Spider-Man Bike Rescue,Marvel,235,19.99,31.85,2019,Ages_6+,3,Box,98,Small
75233,Droid Gunship,Star Wars™,389,49.99,149.99,2019,Ages_8+,3,Box,150,Small
10908,Plane,DUPLO®,12,9.99,23.27,2019,Ages_2+,1,Box,11,Large
10858,My First Puzzle Pets,DUPLO®,18,9.99,34.5,2018,Ages_1½-3,0,Box,16,Large
60212,Barbecue Burn Out,City,64,9.99,8.99,2019,Ages_4+,2,Box,45,Small
41386,Stephanie's Summer Heart Box,Friends,95,7.99,7.71,2019,Ages_6+,1,Other,52,Small
70822,Unikitty's Sweetest Friends EVER!,THE LEGO® MOVIE 2™,76,9.99,12.5,2019,Ages_5+,3,Box,50,Small
76090,Mighty Micros: Star-Lord vs. Nebula,Marvel,86,9.99,19.49,2018,Ages_5-12,2,Box,45,Small
60244,Police Helicopter Transport,City,317,49.99,44.99,2020,Ages_5+,4,Box,161,Small
31087,Dune Buggy,Creator 3-in-1,147,12.99,11.92,2019,Ages_6+,0,Box,65,Small
75286,General Grievous's Starfighter,Star Wars™,487,79.99,79.95,2020,Ages_9+,0,Box,139,Small
41349,Drifting Diner,Friends,345,29.99,46.9,2018,Ages_6-12,2,Box,182,Small
60221,Diving Yacht,City,148,19.99,16,2019,Ages_5+,2,Box,81,Small
76108,Sanctum Sanctorum Showdown,Marvel,1004,99.99,197.52,2018,Ages_8-14,5,Box,312,Small
75967,Forbidden Forest: Umbridge's Encounter,Harry Potter™,253,29.99,29.95,2020,Ages_8+,4,Box,121,Small
60190,Arctic Ice Glider,City,50,6.99,14.14,2018,Ages_5-12,1,Box,30,Small
75886,Ferrari 488 GT3 Scuderia Corsa,Speed Champions,179,14.99,37.88,2018,Ages_7-14,1,Box,78,Small
60179,Ambulance Helicopter,City,190,19.99,37.95,2018,Ages_5-12,3,Box,108,Small
10927,Pizza Stand,DUPLO®,18,9.99,8.99,2020,Ages_2+,1,Box,15,Large
41342,Emma's Deluxe Bedroom,Friends,183,14.99,49.92,2018,Ages_6-12,1,Box,105,Small
21144,The Farm Cottage,Minecraft™,549,49.99,199.95,2018,Ages_8+,3,Box,157,Small
11008,Bricks and Houses,Classic,270,19.99,19.95,2020,Ages_4+,0,Box,121,Small
70645,Cole - Dragon Master,NINJAGO®,92,14.99,14.99,2018,Ages_8-14,1,Box,54,Small
41251,Poppy's Pod,Trolls World Tour,103,19.99,16.82,2020,Ages_4+,1,Box,70,Small
41287,Bubbles Playground Showdown,Powerpuff Girls™,144,19.99,19.84,2018,Ages_6-12,3,Box,92,Small
60228,Deep Space Rocket and Launch Control,City,837,99.99,89.99,2019,Ages_7+,7,Box,308,Small
76165,Iron Man,Marvel,480,59.99,59.99,2020,Ages_18+,0,Box,123,Small
21153,The Wool Farm,Minecraft™,260,19.99,16.99,2019,Ages_7+,1,Box,81,Small
41915,Jewellery Box,DOTS,374,19.99,19.99,2020,Ages_6+,0,Plastic canister,35,Small
10895,Emmet and Lucy's Visitors from the DUPLO Planet,THE LEGO® MOVIE 2™,53,29.99,30.72,2019,Ages_2+,2,Box,37,Small
31100,Sports Car,Creator 3-in-1,134,9.99,9.84,2020,Ages_6+,0,Box,60,Small
60195,Arctic Mobile Exploration Base,City,786,119.99,155.29,2018,Ages_7-12,6,Box,255,Small
10879,Gentle Giants Petting Zoo,Jurassic World™,24,19.99,46.95,2018,Ages_2-5,1,Box,19,Small
41904,Animal Picture Holders,DOTS,423,14.99,14.99,2020,Ages_6+,0,Plastic canister,54,Small
10405,Mission to Mars,Classic,871,59.99,89.99,2018,Ages_5-99,3,Plastic box,330,Small
76898,Formula E Panasonic Jaguar Racing GEN2 Car & Jaguar I-PACE eTROPHY,Speed Champions,565,29.99,29.95,2020,Ages_8+,2,Box,186,Small
76130,Stark Jet and the Drone Attack,Spider-Man,504,69.99,55.99,2019,Ages_8+,4,Box,176,Small
41604,Iron Man MK50,BrickHeadz,101,9.99,39.99,2018,Ages_10+,0,Box,41,Small
75247,Rebel A-wing Starfighter,Star Wars™,62,14.99,39.99,2019,Ages_4+,2,Box,44,Small
76157,Wonder Woman vs. Cheetah,DC,371,39.99,34.76,2020,Ages_8+,3,Box,130,Small
31077,Modular Sweet Surprises,Creator 3-in-1,396,39.99,45.65,2018,Ages_8-12,3,Box,187,Small
75229,Death Star Escape,Star Wars™,329,29.99,53.75,2019,Ages_7+,4,Box,110,Small
70666,The Golden Dragon,NINJAGO®,171,19.99,27.98,2019,Ages_7+,3,Box,74,Small
60198,Cargo Train,City,1227,229.99,181.21,2018,Ages_6-12,6,Box,410,Small
70831,Emmet's Dream House/Rescue Rocket!,THE LEGO® MOVIE 2™,706,69.99,86.89,2019,Ages_8+,4,Box,197,Small
21143,The Nether Portal,Minecraft™,470,39.99,70.09,2018,Ages_8+,3,Box,146,Small
10270,Bookshop,Creator Expert,2504,179.99,179.99,2020,Ages_16+,5,Box,561,Small
71715,Jay Avatar - Arcade Pod,NINJAGO®,47,9.99,8.99,2020,Ages_7+,2,Box with backing card,28,Small
60237,Curves & Crossroad,City,2,14.99,11.99,2019,Ages_5+,0,Shrink-wrapped,2,Small
76133,Spider-Man Car Chase,Marvel,52,9.99,22.88,2019,Ages_4+,2,Box,38,Small
41617,Elsa,BrickHeadz,130,9.99,19.95,2018,Ages_10+,0,Box,48,Small
10920,Elsa and Olaf's Tea Party,DUPLO®,17,19.99,17.93,2020,Ages_2+,2,Box,13,Large
76158,Batboat The Penguin Pursuit!,Batman™,54,9.99,9.89,2020,Ages_4+,2,Box,41,Small
41156,Rapunzel's Castle Bedroom,Disney™,156,19.99,39.99,2018,Ages_5-12,1,Box,93,Small
75218,X-wing Starfighter,Star Wars™,730,79.99,162.99,2018,Ages_8-14,4,Box,224,Small
42102,Mini CLAAS XERION,Technic™,130,12.99,12.99,2020,Ages_7+,0,Box,45,Small
76111,Batman: Brother Eye Takedown,Batman™,269,29.99,37,2018,Ages_6-12,3,Box,103,Small
70647,Kai - Dragon Master,NINJAGO®,92,14.99,20.32,2018,Ages_8-14,1,Box,53,Small
41339,Mia's Camper Van,Friends,488,54.99,142.99,2018,Ages_7-12,2,Box,222,Small
60183,Heavy Cargo Transport,City,310,29.99,69.95,2018,Ages_5-12,2,Box,161,Small
75950,Aragog's Lair,Harry Potter™,157,14.99,29.95,2018,Ages_7-14,2,Box,82,Small
10754,Spider-Man vs. Scorpion Street Showdown,Marvel,125,19.99,33.8,2018,Ages_4-7,2,Box,82,Small
41395,Friendship Bus,Friends,778,69.99,69.95,2020,Ages_8+,3,Box,286,Small
60217,Fire Plane,City,363,59.99,53.99,2019,Ages_6+,3,Box,151,Small
75208,Yoda's Hut,Star Wars™,229,29.99,64.75,2018,Ages_7-12,3,Box,139,Small
42089,Power Boat,Technic™,174,14.99,44.99,2019,Ages_8+,0,Box,56,Small
70419,Wrecked Shrimp Boat,Hidden Side,310,29.99,23.99,2019,Ages_7+,4,Box,150,Small
21039,Shanghai,Architecture,597,59.99,59.98,2018,Ages_12+,0,Box,144,Small
41152,Sleeping Beauty's Fairytale Castle,Disney™,322,39.99,139.9,2018,Ages_6-12,3,Box,171,Small
10874,Steam Train,DUPLO®,59,59.99,53.99,2018,Ages_2-5,2,Box,38,Large
70824,Introducing Queen Watevra Wa'Nabi,THE LEGO® MOVIE 2™,115,19.99,14.99,2019,Ages_6+,4,Box,82,Small
76116,Batman Batsub and the Underwater Clash,Batman™,174,19.99,36,2019,Ages_7+,3,Box,82,Small
70841,Benny's Space Squad,THE LEGO® MOVIE 2™,68,9.99,19.88,2019,Ages_5+,5,Box,53,Small
70650,Destiny's Wing,NINJAGO®,181,19.99,44.92,2018,Ages_6-14,2,Box,100,Small
75250,Pasaana Speeder Chase,Star Wars™,373,39.99,39.99,2019,Ages_8+,4,Box,177,Small
41606,Star-Lord,BrickHeadz,113,9.99,23.79,2018,Ages_10+,0,Box,51,Small
21319,Central Perk,Ideas,1070,59.99,59.99,2019,Ages_16+,7,Box,366,Small
76100,Royal Talon Fighter Attack,Marvel,358,29.99,64.99,2018,Ages_7-14,4,Box,119,Small
41376,Turtles Rescue Mission,Friends,225,19.99,31.27,2019,Ages_6+,2,Box,125,Small
60233,Donut Shop Opening,City,790,89.99,80.99,2019,Ages_6+,10,Box,368,Small
70643,Temple of Resurrection,NINJAGO®,765,69.99,255.95,2018,Ages_8-14,8,Box,297,Small
70826,Rex's Rex-treme Offroader!,THE LEGO® MOVIE 2™,236,29.99,16.99,2019,Ages_7+,2,Box,109,Small
60182,Pickup & Caravan,City,344,29.99,65.99,2018,Ages_5-12,3,Box,188,Small
70423,Paranormal Intercept Bus 3000,Hidden Side,689,59.99,47.23,2019,Ages_8+,5,Box,272,Small
75929,Carnotaurus Gyrosphere Escape,Jurassic World™,577,79.99,136.95,2018,Ages_7-12,3,Box,226,Small
75212,Kessel Run Millennium Falcon,Star Wars™,1414,169.99,254.96,2018,Ages_9-14,7,Box,318,Small
10771,Carnival Thrill Coaster,Disney™,98,19.99,15.99,2019,Ages_4+,2,Box,56,Small
21315,Pop-Up Book,Ideas,859,69.99,88.95,2018,Ages_12+,5,Box,211,Small
31089,Sunset Track Racer,Creator 3-in-1,221,19.99,17.97,2019,Ages_7+,0,Box,81,Small
31083,Cruising Adventures,Creator 3-in-1,597,59.99,64.97,2018,Ages_9-14,3,Box,246,Small
41428,Beach House,Friends,444,49.99,49.95,2020,Ages_6+,2,Box,216,Small
31071,Drone Explorer,Creator 3-in-1,109,9.99,19.88,2018,Ages_6-12,0,Box,56,Small
75217,Imperial Conveyex Transport,Star Wars™,622,89.99,115.99,2018,Ages_8-14,4,Box,187,Small
42081,Volvo Concept Wheel Loader ZEUX,Technic™,1167,139.99,173.98,2018,Ages_10-16,0,Box,143,Small
70425,Newbury Haunted High School,Hidden Side,1474,129.99,129.99,2019,Ages_9+,8,Box,482,Small
10868,Farm Pony Stable,DUPLO®,59,29.99,83.94,2018,Ages_2-5,2,Box,31,Large
75219,Imperial AT-Hauler,Star Wars™,829,99.99,106.54,2018,Ages_9-14,5,Box,206,Small
75273,Poe Dameron's X-wing Fighter,Star Wars™,761,89.99,89.95,2020,Ages_9+,4,Box,219,Small
75946,Hungarian Horntail Triwizard Challenge,Harry Potter™,265,29.99,23.99,2019,Ages_8+,4,Box,101,Small
41165,Anna's Canoe Expedition,LEGO® Frozen 2,108,19.99,16,2019,Ages_4+,2,Box,61,Small
75933,T. Rex Transport,Jurassic World™,609,69.99,108.89,2018,Ages_7-12,3,Box,174,Small
43174,Mulan's Storybook Adventures,Disney™,124,19.99,15.99,2020,Ages_5+,3,Box,72,Small
75892,McLaren Senna,Speed Champions,219,14.99,12.93,2019,Ages_7+,1,Box,92,Small
10875,Cargo Train,DUPLO®,105,119.99,128.95,2018,Ages_2-5,3,Box,68,Large
70830,Sweet Mayhem's Systar Starship!,THE LEGO® MOVIE 2™,502,69.99,99.99,2019,Ages_9+,3,Box,188,Small
41429,Heartlake City Airplane,Friends,574,69.99,69.95,2020,Ages_7+,0,Box,238,Small
76146,Spider-Man Mech,Marvel,152,9.99,9.84,2020,Ages_6+,1,Box,62,Small
70847,Good Morning Sparkle Babies!,THE LEGO® MOVIE 2™,50,9.99,17.69,2019,Ages_6+,4,Box,44,Small
71716,Lloyd Avatar - Arcade Pod,NINJAGO®,48,9.99,9.84,2020,Ages_7+,2,Box with backing card,28,Small
41252,Poppy's Air Balloon Adventure,Trolls World Tour,250,29.99,24.86,2020,Ages_6+,3,Box,121,Small
41362,Heartlake City Supermarket,Friends,140,29.99,32.97,2019,Ages_4+,2,Box,90,Small
75209,Han Solo's Landspeeder,Star Wars™,345,29.99,36.9,2018,Ages_7-12,2,Box,126,Small
60245,Police Monster Truck Heist,City,362,59.99,52.74,2020,Ages_5+,5,Box,198,Small
21317,Steamboat Willie,Ideas,751,89.99,89.99,2019,Ages_10+,2,Box,202,Small
76138,Batman and The Joker Escape,Batman™,171,39.99,40.99,2019,Ages_4+,4,Box,119,Small
75934,Dilophosaurus on the Loose,Jurassic World™,168,19.99,29.69,2019,Ages_6+,3,Box,88,Small
41455,Unikingdom Creative Brick Box,Unikitty!™,433,39.99,67.95,2018,Ages_5-12,17,Box,220,Small
71713,Empire Dragon,NINJAGO®,286,29.99,26.99,2020,Ages_8+,3,Box,118,Small
11010,White Baseplate,Classic,1,7.99,7.86,2020,Ages_4+,0,Shrink-wrapped,1,Small
41255,Pop Village Celebration,Trolls World Tour,380,49.99,39.99,2020,Ages_6+,5,Box,205,Small
43175,Anna and Elsa's Storybook Adventures,LEGO® Frozen 2,133,19.99,16.37,2020,Ages_5+,4,Box,71,Small
71365,Piranha Plant Power Slide,LEGO® Super Mario™,217,29.99,29.95,2020,Ages_7+,3,Box,78,Small
76140,Iron Man Mech,Marvel,148,9.99,9.84,2020,Ages_6+,1,Box,61,Small
10926,Bedroom,DUPLO®,16,14.99,14.99,2020,Ages_2+,2,Box,16,Large
70682,Spinjitzu Slam - Jay,NINJAGO®,72,9.99,14.43,2019,Ages_7+,1,Box,37,Small
42108,Mobile Crane,Technic™,1292,99.99,99.99,2020,Ages_10+,0,Box,144,Small
70634,Nya - Spinjitzu Master,NINJAGO®,69,9.99,24.98,2018,Ages_6-14,1,Box,43,Small
76101,Outrider Dropship Attack,Marvel,124,14.99,21.95,2018,Ages_6-12,3,Box,63,Small
75223,Naboo Starfighter Microfighter,Star Wars™,62,9.99,18.47,2019,Ages_6+,1,Box,42,Small
60181,Forest Tractor,City,174,19.99,34.94,2018,Ages_5-12,1,Box,77,Small
75239,Hoth Generator Attack,Star Wars™,235,29.99,22.99,2019,Ages_7+,2,Box,101,Small
76123,Captain America: Outriders Attack,Marvel,167,19.99,15.99,2019,Ages_6+,3,Box,75,Small
75894,1967 Mini Cooper S Rally and 2018 MINI John Cooper Works Buggy,Speed Champions,481,49.99,40,2019,Ages_8+,4,Box,187,Small
41381,Rescue Mission Boat,Friends,908,89.99,80.99,2019,Ages_7+,4,Box,376,Small
41425,Olivia's Flower Garden,Friends,92,9.99,9.49,2020,Ages_6+,2,Box,61,Small
70670,Monastery of Spinjitzu,NINJAGO®,1070,79.99,71.99,2019,Ages_9+,8,Box,359,Small
75551,Brick-built Minions and their Lair,Minions,876,49.99,44.83,2020,Ages_8+,3,Box,180,Small
10272,Old Trafford - Manchester United,Creator Expert,3898,299.99,299.95,2020,Ages_16+,0,Box,332,Small
70676,Lloyd's Titan Mech,NINJAGO®,876,79.99,71.99,2019,Ages_9+,6,Box,230,Small
71376,Thwomp Drop,LEGO® Super Mario™,393,39.99,39.99,2020,Ages_8+,0,Box,159,Small
75263,Resistance Y-wing Microfighter,Star Wars™,86,9.99,8.99,2020,Ages_6+,1,Box,44,Small
60265,Ocean Exploration Base,City,497,79.99,79.95,2020,Ages_6+,5,Box,180,Small
75968,4 Privet Drive,Harry Potter™,797,69.99,69.95,2020,Ages_8+,6,Box,255,Small
76102,Thor's Weapon Quest,Marvel,223,19.99,48.71,2018,Ages_6-12,3,Box,112,Small
41616,Hermione Granger,BrickHeadz,127,9.99,63.49,2018,Ages_10+,0,Box,50,Small
41615,Harry Potter & Hedwig,BrickHeadz,180,14.99,83.85,2018,Ages_10+,0,Box,73,Small
71373,Builder Mario Power-Up Pack,LEGO® Super Mario™,10,9.99,17.4,2020,Ages_6+,0,Box,8,Small
70651,Throne Room Showdown,NINJAGO®,221,19.99,41.99,2018,Ages_6-14,5,Box,111,Small
70671,Lloyd's Journey,NINJAGO®,81,14.99,19.94,2019,Ages_6+,2,Box,50,Small
43180,Belle's Castle Winter Celebration,Disney™,238,49.99,49.95,2020,Ages_4+,6,Box,146,Small
41401,Stephanie's Play Cube - Baker,Friends,44,9.99,18.54,2020,Ages_6+,1,Box,37,Small
41389,Ice Cream Cart,Friends,97,9.99,8.99,2020,Ages_6+,1,Box,60,Small
75248,Resistance A-wing Starfighter,Star Wars™,269,29.99,24.47,2019,Ages_7+,2,Box,112,Small
75277,Boba Fett,Star Wars™,625,59.99,53.99,2020,Ages_18+,0,Box,172,Small
70422,Shrimp Shack Attack,Hidden Side,578,49.99,39.99,2019,Ages_8+,5,Box,293,Small
21043,San Francisco,Architecture,565,49.99,46.99,2019,Ages_12+,0,Box,163,Small
70674,Fire Fang,NINJAGO®,463,39.99,32,2019,Ages_8+,4,Box,175,Small
71710,Ninja Tuner Car,NINJAGO®,419,39.99,31.99,2020,Ages_8+,3,Box,143,Small
41601,Cyborg,BrickHeadz,108,9.99,18.99,2018,Ages_10+,0,Box,48,Small
42090,Getaway Truck,Technic™,128,19.99,19.99,2019,Ages_7+,0,Box,33,Small
11005,Creative Fun,Classic,900,39.99,39.99,2019,Ages_4+,0,Box,231,Small
41388,Mia's Summer Heart Box,Friends,85,7.99,7.99,2019,Ages_6+,1,Other,41,Small
41253,Lonesome Flats Raft Adventure,Trolls World Tour,159,29.99,23.99,2020,Ages_4+,3,Box,110,Small
75198,Tatooine Battle Pack,Star Wars™,97,14.99,27.99,2018,Ages_6-12,4,Box,53,Small
31109,Pirate Ship,Creator 3-in-1,1264,99.99,99.95,2020,Ages_9+,4,Box,359,Small
41341,Andrea's Bedroom,Friends,85,9.99,34.99,2018,Ages_6-12,1,Box,60,Small
10277,Crocodile Locomotive,Creator Expert,1271,99.99,99.99,2020,Ages_18+,2,Box,212,Small
41903,Cosmic Wonder Bracelet,DOTS,33,4.99,4.99,2020,Ages_6+,0,Foil pack,9,Small
60247,Forest Fire,City,84,9.99,8.99,2020,Ages_5+,1,Box,49,Small
31073,Mythical Creatures,Creator 3-in-1,223,14.99,28.4,2018,Ages_7-12,0,Box,66,Small
75211,Imperial TIE Fighter,Star Wars™,519,69.99,203.97,2018,Ages_9-14,4,Box,129,Small
70838,Queen Watevra's ‘So-Not-Evil' Space Palace,THE LEGO® MOVIE 2™,997,99.99,92.95,2019,Ages_9+,5,Box,275,Small
42104,Race Truck,Technic™,227,19.99,18.84,2020,Ages_7+,0,Box,59,Small
31095,Fairground Carousel,Creator 3-in-1,595,49.99,40,2019,Ages_8+,3,Box,223,Small
21041,Great Wall of China,Architecture,551,49.99,82.59,2018,Ages_12+,0,Box,81,Small
41392,Nature Glamping,Friends,241,29.99,26.99,2020,Ages_6+,2,Box,110,Small
41288,Mojo Jojo Strikes,Powerpuff Girls™,228,29.99,36.69,2018,Ages_6-12,4,Box,149,Small
76137,Batman vs. The Riddler Robbery,Batman™,59,9.99,20.92,2019,Ages_4+,2,Box,44,Small
10759,Elastigirl's Rooftop Pursuit,Juniors,95,19.99,33.2,2018,Ages_4-7,2,Box,77,Small
70657,NINJAGO City Docks,NINJAGO®,3553,229.99,440,2018,Ages_12+,14,Box,690,Small
31079,Sunshine Surfer Van,Creator 3-in-1,379,34.99,74.94,2018,Ages_8-12,2,Box,160,Small
10751,Mountain Police Chase,Juniors,115,19.99,34.99,2018,Ages_4-7,2,Box,85,Small
75257,Millennium Falcon,Star Wars™,1353,159.99,159.95,2019,Ages_9+,7,Box,352,Small
41372,Stephanie's Gymnastics Show,Friends,241,29.99,39.99,2019,Ages_6+,2,Box,114,Small
70849,Wyld-Mayhem Star Fighter,THE LEGO® MOVIE 2™,405,49.99,46.5,2019,Ages_8+,4,Box,157,Small
75889,Ferrari Ultimate Garage,Speed Champions,841,99.99,129.99,2018,Ages_8-14,7,Box,309,Small
42084,Hook Loader,Technic™,176,14.99,18.88,2018,Ages_7-14,0,Box,48,Small
75973,D.Va & Reinhardt,Overwatch®,455,39.99,45.17,2019,Ages_10+,2,Box,161,Small
60218,Desert Rally Racer,City,75,9.99,18.81,2019,Ages_5+,1,Box,45,Small
60224,Satellite Service Mission,City,84,9.99,8.99,2019,Ages_5+,1,Box,52,Small
43176,Ariel's Storybook Adventures,Disney™,105,19.99,16.37,2020,Ages_5+,3,Box,61,Small
21313,Ship in a Bottle,Ideas,962,69.99,154,2018,Ages_12+,0,Box,124,Small
41334,Andrea's Park Performance,Friends,229,24.99,43.79,2018,Ages_6-12,3,Box,126,Small
10873,Minnie's Birthday Party,Disney™,21,19.99,17.99,2018,Ages_2-5,1,Box,18,Small
10880,T. rex Tower,Jurassic World™,22,29.99,48.99,2018,Ages_2-5,1,Box,18,Small
76107,Thanos: Ultimate Battle,Marvel,674,69.99,92.84,2018,Ages_8-14,4,Box,190,Small
10764,City Central Airport,Juniors,376,49.99,46.5,2018,Ages_4-7,5,Box,170,Small
21051,Tokyo,Architecture,547,59.99,56.78,2020,Ages_16+,0,Box,146,Small
75269,Duel on Mustafar,Star Wars™,208,19.99,16.99,2020,Ages_7+,2,Box,84,Small
41154,Cinderella's Dream Castle,Disney™,585,69.99,158.9,2018,Ages_6-12,2,Box,218,Small
10768,Buzz and Bo Peep's Playground Adventure,Disney™,139,24.99,21.47,2019,Ages_4+,3,Box,85,Small
60180,Monster Truck,City,192,19.99,26.48,2018,Ages_6-12,1,Box,76,Small
60235,City Advent Calendar,City,234,29.99,31.49,2019,Ages_5+,8,Box,161,Small
75972,Dorado Showdown,Overwatch®,419,29.99,37.99,2019,Ages_8+,3,Box,168,Small
70427,Welcome to the Hidden Side,Hidden Side,189,19.99,15.99,2020,Ages_7+,4,Box,103,Small
41332,Emma's Art Stand,Friends,210,19.99,40.99,2018,Ages_6-12,1,Box,107,Small
75926,Pteranodon Chase,Jurassic World™,126,19.99,31.49,2018,Ages_6-12,2,Box,68,Small
41916,Extra Dots - Series 2,DOTS,109,3.99,3.44,2020,Ages_6+,0,Foil pack,6,Small
10898,My First Mickey Build,Disney™,9,9.99,9.99,2019,Ages_1½+,0,Box,8,Small
21149,Minecraft Alex BigFig with Chicken,Minecraft™,160,14.99,22.5,2019,Ages_7+,0,Box,70,Small
70639,Street Race of Snake Jaguar,NINJAGO®,308,29.99,63.93,2018,Ages_7-14,2,Box,130,Small
70669,Cole's Earth Driller,NINJAGO®,587,49.99,94.99,2019,Ages_8+,4,Box,216,Small
70675,Katana 4X4,NINJAGO®,450,49.99,40,2019,Ages_8+,5,Box,185,Small
21155,The Creeper Mine,Minecraft™,834,79.99,79.95,2019,Ages_8+,4,Box,206,Small
10861,My First Emotions,DUPLO®,28,19.99,32.07,2018,Ages_1½-3,0,Box,24,Large
60246,Police Station,City,743,99.99,99.99,2020,Ages_6+,7,Box,298,Small
10917,Fire Truck,DUPLO®,6,6.99,6.29,2020,Ages_1½+,0,Box with backing card,6,Large
76147,Vulture's Trucker Robbery,Marvel,93,19.99,15.99,2020,Ages_4+,3,Box,62,Small
70677,Land Bounty,NINJAGO®,1178,129.99,116.83,2019,Ages_9+,9,Box,400,Small
70637,Cole - Spinjitzu Master,NINJAGO®,73,9.99,18.99,2018,Ages_6-14,1,Box,40,Small
60250,Mail Plane,City,74,9.99,8.99,2020,Ages_5+,1,Box,55,Small
75242,Black Ace TIE Interceptor,Star Wars™,396,49.99,40,2019,Ages_8+,3,Box,161,Small
31081,Modular Skate House,Creator 3-in-1,422,39.99,83.49,2018,Ages_8-12,2,Box,169,Small
60172,Dirt Road Pursuit,City,297,39.99,64.75,2018,Ages_5-12,3,Box,140,Small
75971,Hanzo vs. Genji,Overwatch®,197,19.99,24.45,2019,Ages_8+,3,Box,84,Small
75958,Beauxbatons' Carriage: Arrival at Hogwarts,Harry Potter™,430,49.99,38.99,2019,Ages_8+,4,Box,160,Small
76897,1985 Audi Sport Quattro S1,Speed Champions,250,19.99,19.95,2020,Ages_7+,1,Box,102,Small
75253,Droid Commander,Star Wars™,1177,199.99,199.95,2019,Ages_8+,0,Box,343,Small
75200,Ahch-To Island Training,Star Wars™,241,29.99,48.99,2018,Ages_7-12,2,Box,129,Small
75939,Dr. Wu's Lab: Baby Dinosaurs Breakout,Jurassic World™,164,19.99,19.95,2020,Ages_6+,2,Box,100,Small
75890,Ferrari F40 Competizione,Speed Champions,198,14.99,14.99,2019,Ages_7+,1,Box,72,Small
75945,Expecto Patronum,Harry Potter™,121,19.99,15.99,2019,Ages_7+,3,Box,55,Small
31072,Extreme Engines,Creator 3-in-1,109,9.99,18.99,2018,Ages_6-12,0,Box,53,Small
75194,First Order TIE Fighter Microfighter,Star Wars™,91,9.99,24.95,2018,Ages_6-12,1,Box,47,Small
75895,1974 Porsche 911 Turbo 3.0,Speed Champions,180,14.99,13.29,2019,Ages_7+,1,Box,75,Small
43177,Belle's Storybook Adventures,Disney™,111,19.99,16.37,2020,Ages_5+,5,Box,71,Small
10914,Deluxe Brick Box,DUPLO®,85,49.99,49.99,2020,Ages_1½+,0,Tub,58,Large
31085,Mobile Stunt Show,Creator 3-in-1,581,49.99,61.99,2018,Ages_8-12,2,Box,212,Small
76110,Batman: The Attack of the Talons,Batman™,155,19.99,32.25,2018,Ages_7-12,3,Box,82,Small
75969,Hogwarts Astronomy Tower,Harry Potter™,971,99.99,99.99,2020,Ages_9+,8,Box,310,Small
42078,Mack Anthem,Technic™,2595,179.99,330,2018,Ages_11-16,0,Box,253,Small
75275,A-wing Starfighter,Star Wars™,1673,199.99,199.99,2020,Ages_18+,1,Box,355,Small
75197,First Order Specialists Battle Pack,Star Wars™,108,14.99,29.99,2018,Ages_6-12,3,Box,48,Small
76119,Batmobile: Pursuit of The Joker,Batman™,342,29.99,36.23,2019,Ages_7+,2,Box,114,Small
42114,6x6 Volvo Articulated Hauler,Technic™,2193,249.99,249.99,2020,Ages_11+,0,Box,234,Small
76141,Thanos Mech,Marvel,152,9.99,9.84,2020,Ages_6+,1,Box,62,Small
76125,Iron Man Hall of Armour,Marvel,524,59.99,47.99,2019,Ages_7+,5,Box,156,Small
75954,Hogwarts Great Hall,Harry Potter™,878,99.99,99.99,2018,Ages_9-14,10,Box,284,Small
41423,Tiger Hot Air Balloon Jungle Rescue,Friends,302,39.99,39.95,2020,Ages_7+,2,Box,145,Small
70673,Shuricopter,NINJAGO®,361,29.99,24,2019,Ages_8+,3,Box,163,Small
76148,Spider-Man vs. Doc Ock,Marvel,234,19.99,19.95,2020,Ages_6+,3,Box,80,Small
60193,Arctic Air Transport,City,277,39.99,66.4,2018,Ages_6-12,2,Box,113,Small
10859,My First Ladybird,DUPLO®,6,4.99,16,2018,Ages_1½-3,0,Box,5,Large
75265,T-16 Skyhopper vs Bantha Microfighters,Star Wars™,198,19.99,17.99,2020,Ages_6+,2,Box,100,Small
41623,Ariel & Ursula,BrickHeadz,361,19.99,77.42,2018,Ages_10+,0,Box,121,Small
21052,Dubai,Architecture,740,59.99,57.44,2020,Ages_16+,0,Box,127,Small
75238,Action Battle Endor Assault,Star Wars™,193,29.99,29,2019,Ages_7+,2,Box,108,Small
41598,The Flash,DC,122,9.99,43.95,2018,Ages_10+,0,Box,47,Small
71708,Gamer's Market,NINJAGO®,218,29.99,26.99,2020,Ages_7+,9,Box,133,Small
75977,Junkrat & Roadhog,Overwatch®,380,49.99,39.95,2019,Ages_10+,2,Box,168,Small
76118,Mr. Freeze Batcycle Battle,Batman™,200,19.99,37.03,2019,Ages_6+,3,Box,97,Small
10871,Airport,DUPLO®,29,24.99,22.49,2018,Ages_2-5,3,Box,24,Large
76899,Lamborghini Urus ST-X & Huracán Super Trofeo EVO,Speed Champions,663,49.99,49.95,2020,Ages_8+,2,Box,202,Small
60254,Race Boat Transporter,City,238,29.99,26.99,2020,Ages_5+,2,Box,123,Small
70825,Queen Watevra's Build Whatever Box!,THE LEGO® MOVIE 2™,455,39.99,30.95,2019,Ages_6+,0,Box,112,Small
41371,Mia's Horse Trailer,Friends,216,29.99,34.95,2019,Ages_6+,2,Box,119,Small
60240,Kayak Adventure,City,84,9.99,23.22,2019,Ages_5+,1,Box,48,Small
60220,Garbage Truck,City,90,19.99,16.36,2019,Ages_4+,2,Box,52,Small
21158,The Panda Nursery,Minecraft™,204,19.99,17.34,2020,Ages_7+,1,Box,76,Small
60206,Jet Patrol,City,54,9.99,8.99,2019,Ages_4+,2,Box,45,Small
10860,My First Race Car,DUPLO®,6,4.99,9.45,2018,Ages_1½-3,0,Box,6,Large
60213,Dock Side Fire,City,97,19.99,23.83,2019,Ages_5+,2,Box,63,Small
60266,Ocean Exploration Ship,City,745,149.99,149.99,2020,Ages_7+,8,Box,314,Small
75264,Kylo Ren's Shuttle Microfighter,Star Wars™,72,9.99,9.84,2020,Ages_6+,1,Box,40,Small
60261,Central Airport,City,286,59.99,59.95,2020,Ages_4+,6,Box,168,Small
21139,The Nether Fight,Minecraft™,84,14.99,74.99,2018,Ages_6-14,3,Box,48,Small
10763,Stephanie's Lakeside House,Friends,215,34.99,49.95,2018,Ages_4-7,3,Box,142,Small
10268,Vestas Wind Turbine,Creator Expert,826,199.99,190.04,2018,Ages_12+,3,Box,230,Small
70646,Jay - Dragon Master,NINJAGO®,92,14.99,22,2018,Ages_8-14,1,Box,53,Small
41919,Power Bracelet,DOTS,33,4.99,4.99,2020,Ages_6+,0,Foil pack,12,Small
75942,Velociraptor: Biplane Rescue Mission,Jurassic World™,101,29.99,29.95,2020,Ages_4+,2,Box,72,Small
31090,Underwater Robot,Creator 3-in-1,207,19.99,17.97,2019,Ages_7+,0,Box,81,Small
60231,Fire Chief Response Truck,City,201,29.99,24,2019,Ages_5+,2,Box,98,Small
60263,Ocean Mini-Submarine,City,41,9.99,9.49,2020,Ages_4+,1,Box,30,Small
60204,City Hospital,City,861,99.99,209.45,2018,Ages_6-12,13,Box,362,Small
75205,Mos Eisley Cantina,Star Wars™,376,39.99,72.47,2018,Ages_8-14,4,Box,140,Small
75259,Snowspeeder – 20th Anniversary Edition,Star Wars™,309,39.99,89,2019,Ages_7+,4,Box,159,Small
60210,Air Base,City,529,89.99,84.96,2019,Ages_6+,6,Box,270,Small
76091,Mighty Micros: Thor vs. Loki,Marvel,79,9.99,28.49,2018,Ages_5-12,2,Box,47,Small
41905,Rainbow Jewellery Stand,DOTS,213,14.99,14.97,2020,Ages_6+,0,Plastic canister,42,Small
41380,Lighthouse Rescue Centre,Friends,602,59.99,47.99,2019,Ages_6+,2,Box,273,Small
60208,Parachute Arrest,City,218,39.99,31.46,2019,Ages_5+,4,Box,139,Small
60184,Mining Team,City,82,9.99,21.99,2018,Ages_5-12,4,Box,64,Small
75243,Slave I - 20th Anniversary Edition,Star Wars™,1007,119.99,119.97,2019,Ages_10+,6,Box,293,Small
41352,The Big Race Day,Friends,648,59.99,59.3,2018,Ages_7-12,3,Box,252,Small
76099,Rhino Face-Off by the Mine,Marvel,229,19.99,39.9,2018,Ages_6-12,3,Box,100,Small
11007,Creative Green Bricks,Classic,60,4.99,4.93,2020,Ages_4+,0,Box,36,Small
70636,Zane - Spinjitzu Master,NINJAGO®,69,9.99,19.65,2018,Ages_6-14,1,Box,38,Small
21157,BigFig Pig with Baby Zombie,Minecraft™,159,14.99,10.99,2020,Ages_7+,0,Box,47,Small
10894,Toy Story Train,Disney™,21,19.99,15.99,2019,Ages_2+,2,Box,19,Small
75268,Snowspeeder,Star Wars™,91,19.99,19.95,2020,Ages_4+,2,Box,64,Small
75535,Han Solo,Star Wars™,101,24.99,21.96,2018,Ages_8-14,0,Box,55,Small
21046,Empire State Building,Architecture,1767,129.99,113,2019,Ages_16+,0,Box,128,Small
76126,Avengers Ultimate Quinjet,Marvel,840,79.99,79.99,2019,Ages_8+,5,Box,252,Small
41907,Desk Organiser,DOTS,405,19.99,19.95,2020,Ages_6+,0,Plastic canister,44,Small
75215,Cloud-Rider Swoop Bikes,Star Wars™,355,29.99,44.69,2018,Ages_8-14,3,Box,148,Small
60178,Speed Record Car,City,78,9.99,16.98,2018,Ages_5-12,1,Box,47,Small
31092,Helicopter Adventure,Creator 3-in-1,114,9.99,15.04,2019,Ages_6+,0,Box,68,Small
31105,Townhouse Toy Store,Creator 3-in-1,554,39.99,39.95,2020,Ages_8+,2,Box,194,Small
75225,Elite Praetorian Guard Battle Pack,Star Wars™,109,14.99,34.75,2019,Ages_6+,4,Box,52,Small
42075,First Responder,Technic™,513,49.99,84.75,2018,Ages_9-16,0,Box,106,Small
41408,Mia's Play Cube - Cinema,Friends,37,9.99,15.32,2020,Ages_6+,1,Box,31,Small
76112,App-Controlled Batmobile,DC,321,99.99,139.95,2018,Ages_8+,1,Box,114,Small
42103,Dragster,Technic™,225,19.99,19.99,2020,Ages_7+,0,Box,68,Small
75216,Snoke's Throne Room,Star Wars™,492,69.99,63.95,2018,Ages_8-14,4,Box,166,Small
21320,Dinosaur Fossils,Ideas,910,59.99,59.99,2019,Ages_16+,2,Box,201,Small
21141,The Zombie Cave,Minecraft™,241,19.99,16.82,2018,Ages_7-14,3,Box,88,Small
75254,AT-ST Raider,Star Wars™,540,49.99,40,2019,Ages_8+,4,Box,211,Small
10925,Playroom,DUPLO®,17,14.99,13.49,2020,Ages_2+,2,Box,16,Large
21147,The Bedrock Adventures,Minecraft™,644,89.99,161.95,2018,Ages_8+,4,Box,168,Small
60188,Mining Experts Site,City,883,99.99,239.97,2018,Ages_7-12,6,Box,284,Small
76150,Spiderjet vs. Venom Mech,Marvel,371,29.99,29.95,2020,Ages_7+,3,Box,136,Small
10893,Spider-Man vs. Electro,Marvel,29,19.99,46.75,2019,Ages_2+,2,Box,22,Small
41453,Party Time,Unikitty!™,214,19.99,15.95,2018,Ages_6-12,4,Box,119,Small
70653,Firstbourne,NINJAGO®,882,69.99,124,2018,Ages_9-14,6,Box,337,Small
75195,Ski Speeder vs. First Order Walker Microfighters,Star Wars™,216,19.99,29.2,2018,Ages_6-12,2,Box,94,Small
75928,Blue's Helicopter Pursuit,Jurassic World™,397,39.99,67.97,2018,Ages_7-12,3,Box,177,Small
10753,The Joker Batcave Attack,Batman™,151,24.99,45.95,2018,Ages_4-7,3,Box,94,Small
75230,Porg,Star Wars™,811,69.99,131.99,2018,Ages_9-14,0,Box,189,Small
70821,Emmet and Benny's 'Build and Fix' Workshop!,THE LEGO® MOVIE 2™,117,19.99,19.98,2019,Ages_4+,2,Box,73,Small
75533,Boba Fett,Star Wars™,144,29.99,94.95,2018,Ages_8-14,0,Box,67,Small
76166,Avengers Tower Battle,Marvel,685,89.99,89.99,2020,Ages_8+,7,Box,250,Small
75252,Imperial Star Destroyer,Star Wars™,4784,699.99,699.95,2019,Ages_16+,2,Box,445,Small
10749,Mia's Organic Food Market,Friends,115,19.99,24.49,2018,Ages_4-7,1,Box,70,Small
70641,Ninja Nightcrawler,NINJAGO®,552,39.99,107.89,2018,Ages_9-14,3,Box,205,Small
76159,Joker's Trike Chase,Batman™,440,49.99,49.95,2020,Ages_7+,4,Box,181,Small
70633,Kai - Spinjitzu Master,NINJAGO®,61,9.99,29.99,2018,Ages_6-14,1,Box,33,Small
70648,Zane - Dragon Master,NINJAGO®,92,14.99,18.99,2018,Ages_8-14,1,Box,54,Small
70664,Spinjitzu Lloyd vs. Garmadon,NINJAGO®,208,19.99,38.75,2019,Ages_7+,2,Box,44,Small
60209,Diamond Heist,City,400,59.99,86.95,2019,Ages_6+,4,Box,191,Small
75236,Duel on Starkiller Base,Star Wars™,191,19.99,28.75,2019,Ages_6+,2,Box,83,Small
21311,Voltron,Ideas,2321,179.99,388.99,2018,Ages_16+,0,Box,471,Small
10403,World Fun,Classic,295,19.99,20.99,2018,Ages_5-99,2,Box,149,Small
21045,Trafalgar Square,Architecture,1197,79.99,76.3,2019,Ages_12+,0,Box,205,Small
41908,Extra Dots - Series 1,DOTS,109,3.99,3.99,2020,Ages_6+,0,Foil pack,6,Small
70848,Systar Party Crew,THE LEGO® MOVIE 2™,196,19.99,15.66,2019,Ages_7+,2,Box,104,Small
60216,Downtown Fire Brigade,City,943,99.99,89.99,2019,Ages_6+,7,Box,400,Small
41407,Olivia's Play Cube - Sweet Shop,Friends,47,9.99,18.65,2020,Ages_6+,1,Box,40,Small
21042,Statue of Liberty,Architecture,1685,119.99,97.55,2018,Ages_16+,0,Box,146,Small
70683,Spinjitzu Slam - Zane,NINJAGO®,63,9.99,18.47,2019,Ages_7+,1,Box,37,Small
10864,Large Playground Brick Box,DUPLO®,71,49.99,56.69,2018,Ages_2-5,2,Plastic box,49,Large
76153,Avengers Helicarrier,Marvel,1244,119.99,119.95,2020,Ages_9+,8,Box,355,Small
70658,Oni Titan,NINJAGO®,522,49.99,94.8,2018,Ages_8-14,4,Box,183,Small
71700,Jungle Raider,NINJAGO®,127,9.99,8.99,2020,Ages_7+,1,Box,61,Small
41597,Go Brick Me,BrickHeadz,708,29.99,89.74,2018,Ages_10+,0,Box,160,Small
41426,Heartlake City Park Café,Friends,224,19.99,19.95,2020,Ages_6+,2,Box,117,Small
70431,The Lighthouse of Darkness,Hidden Side,540,49.99,44.99,2020,Ages_8+,5,Box,240,Small
41382,Friends Advent Calendar,Friends,330,29.99,36.49,2019,Ages_6+,3,Box,158,Small
75245,Star Wars Advent Calendar,Star Wars™,280,39.99,46.76,2019,Ages_6+,9,Box,177,Small
41600,Aquaman,BrickHeadz,135,9.99,16.49,2018,Ages_10+,0,Box,40,Small
76895,Ferrari F8 Tributo,Speed Champions,275,19.99,19.95,2020,Ages_7+,1,Box,92,Small
10910,Submarine Adventure,DUPLO®,24,19.99,17.99,2019,Ages_2+,2,Box,22,Large
75246,Death Star Cannon,Star Wars™,159,19.99,13.85,2019,Ages_7+,2,Box,79,Small
76131,Avengers Compound Battle,Marvel,699,99.99,79.99,2019,Ages_8+,7,Box,292,Small
75974,Bastion,Overwatch®,602,49.99,66.95,2019,Ages_10+,0,Box,168,Small
10762,Belle's Story Time,Juniors,87,14.99,33.5,2018,Ages_4-7,2,Box,66,Small
42076,Hovercraft,Technic™,1020,89.99,128.99,2018,Ages_9-16,0,Box,139,Small
71366,Boomer Bill Barrage,LEGO® Super Mario™,132,29.99,29.99,2020,Ages_7+,2,Box,70,Small
70828,Pop-Up Party Bus,THE LEGO® MOVIE 2™,1024,79.99,57.99,2019,Ages_9+,4,Box,294,Small
41906,Pineapple Pencil Holder,DOTS,351,19.99,19.99,2020,Ages_6+,0,Plastic canister,39,Small
60222,Snow Groomer,City,197,19.99,16,2019,Ages_6+,2,Box,81,Small
70436,Phantom Fire Truck 3000,Hidden Side,760,59.99,59.99,2020,Ages_9+,6,Box,263,Small
76097,Lex Luthor Mech Takedown,DC,406,39.99,57.99,2018,Ages_7-14,5,Box,159,Small
75948,Hogwarts Clock Tower,Harry Potter™,922,89.99,89.95,2019,Ages_9+,8,Box,276,Small
70665,The Samurai Mech,NINJAGO®,154,14.99,14.99,2019,Ages_7+,3,Box,71,Small
41451,Unikitty Cloud Car,Unikitty!™,126,9.99,9.17,2018,Ages_5-12,3,Box,83,Small
21316,The Flintstones,Ideas,748,59.99,57.86,2019,Ages_10+,4,Box,242,Small
70644,Golden Dragon Master,NINJAGO®,92,14.99,19.99,2018,Ages_8-14,1,Box,54,Small
60207,Drone Chase,City,192,29.99,21.99,2019,Ages_5+,3,Box,112,Small
75549,Unstoppable Bike Chase,Minions,136,19.99,17.79,2020,Ages_6+,3,Box,79,Small
31107,Space Rover Explorer,Creator 3-in-1,510,39.99,39.95,2020,Ages_8+,1,Box,206,Small
42073,BASH!,Technic™,139,19.99,29.98,2018,Ages_7-14,0,Box,46,Small
75199,General Grievous' Combat Speeder,Star Wars™,157,29.99,74.9,2018,Ages_7-12,2,Box,76,Small
31099,Propeller Plane,Creator 3-in-1,128,9.99,9.84,2020,Ages_6+,0,Box,50,Small
41430,Summer Fun Water Park,Friends,1001,99.99,99.95,2020,Ages_8+,4,Box,394,Small
41421,Baby Elephant Jungle Rescue,Friends,203,19.99,19.99,2020,Ages_6+,2,Box,111,Small